Response ID,Date started,Date completed,IP address,Response time,Language,Last page saved,Partial save,I have read and fully understand the above statement and consent to taking part in this survey.|Yes,I have read and fully understand the above statement and consent to taking part in this survey.|No,In what year are you currently studying?|First year,In what year are you currently studying?|Second year,In what year are you currently studying?|Third year,In what year are you currently studying?|Fourth year,In what year are you currently studying?|Fifth year,In what year are you currently studying?|Postgraduate," In which of the above timetable slots are you not able to attend a class? You may select a maximum of 5 slots. For instance, if you cannot attend from 12:00 to 13:00 on Wednesdays you would enter 22 as one of your choices. Each slot should be a time when you are not available due to issues such as childcare or health-related matters. |Slot1"," In which of the above timetable slots are you not able to attend a class? You may select a maximum of 5 slots. For instance, if you cannot attend from 12:00 to 13:00 on Wednesdays you would enter 22 as one of your choices. Each slot should be a time when you are not available due to issues such as childcare or health-related matters. |Slot2"," In which of the above timetable slots are you not able to attend a class? You may select a maximum of 5 slots. For instance, if you cannot attend from 12:00 to 13:00 on Wednesdays you would enter 22 as one of your choices. Each slot should be a time when you are not available due to issues such as childcare or health-related matters. |Slot3"," In which of the above timetable slots are you not able to attend a class? You may select a maximum of 5 slots. For instance, if you cannot attend from 12:00 to 13:00 on Wednesdays you would enter 22 as one of your choices. Each slot should be a time when you are not available due to issues such as childcare or health-related matters. |Slot4"," In which of the above timetable slots are you not able to attend a class? You may select a maximum of 5 slots. For instance, if you cannot attend from 12:00 to 13:00 on Wednesdays you would enter 22 as one of your choices. Each slot should be a time when you are not available due to issues such as childcare or health-related matters. |Slot5"," Please identify the timetable slots when you would prefer not to have classes. These are slots when you are free to attend, but would prefer, for whatever reason, not to be timetabled in then, if possible. Please enter your answer as a list of slots separated by slashes e.g. 4/5/8/10/16/21 |Please enter your list of slots here",Under what circumstances might I be willing to have an event on my timetable moved to a less desirable slot? |To allow a student with children to attend to their children,Under what circumstances might I be willing to have an event on my timetable moved to a less desirable slot? |To allow a student with special needs to have a break between classes,Under what circumstances might I be willing to have an event on my timetable moved to a less desirable slot? |To allow a lecturer to have a teaching free day for research,"The students attending one of the events on my timetable wish to request that it is moved to another slot. If the slot that it is currently in suits you well, what % of students would need to be requesting a change before you would consider it?|0-25%","The students attending one of the events on my timetable wish to request that it is moved to another slot. If the slot that it is currently in suits you well, what % of students would need to be requesting a change before you would consider it?|26-50%","The students attending one of the events on my timetable wish to request that it is moved to another slot. If the slot that it is currently in suits you well, what % of students would need to be requesting a change before you would consider it?|51-75%","The students attending one of the events on my timetable wish to request that it is moved to another slot. If the slot that it is currently in suits you well, what % of students would need to be requesting a change before you would consider it?|76-100%","The students attending one of the events on my timetable wish to request that it is moved to another slot. If the slot that it is currently in suits you well, what % of students would need to be requesting a change before you would consider it?|I would not consider such a move.",When being put into a tutorial or practical class the following factors are important to me (choose all that apply)| I am in a group with my friends,When being put into a tutorial or practical class the following factors are important to me (choose all that apply)|I am in a group with people of the same academic ability as me,When being put into a tutorial or practical class the following factors are important to me (choose all that apply)|I am in a group with new people,When being put into a tutorial or practical class the following factors are important to me (choose all that apply)|I am in a group with people from my personal tutor group,When being put into a tutorial or practical class the following factors are important to me (choose all that apply)|I am in a group with people from my course
7dd3dfe631bf41779bf07a20ae99560e,11/09/2018 16:41,11/09/2018 16:41,,14,en-GB,P5,,1,0,0,0,0,1,0,0,2,,,,,,0,0,0,0,0,0,0,0,0,0,0,0,0
e1f1ce412ca348cb8847baae1748af36,11/09/2018 17:53,,,357,en-GB,P1,,1,0,0,0,0,0,0,1,,,,,,,1,0,1,0,0,0,0,0,1,1,0,0,0
0c44a3fb25c0458c9a1c6fb8955afe78,11/12/2018 17:30,11/12/2018 17:33,,186,en-GB,P5,,1,0,0,0,0,0,1,0,,,,,,,0,0,1,0,0,1,0,0,0,0,0,0,1
f7f8e91a717648e485b8a19a7ae9d0d8,11/12/2018 17:30,,,228,en-GB,P4,,1,0,0,0,1,0,0,0,,,,,,,0,0,0,0,0,0,0,0,0,0,0,0,0
883799a06b9c41e280569792e0518f43,11/12/2018 17:30,,,18,en-GB,P3,,1,0,0,0,0,1,0,0,,,,,,,0,0,0,0,0,0,0,0,0,0,0,0,0
dcb99cb9b843430586e6ca9fb751051f,11/12/2018 17:30,,,23,en-GB,P3,,1,0,1,0,0,0,0,0,,,,,,,0,0,0,0,0,0,0,0,0,0,0,0,0
83366cc62b3f474b8788751abe377ce2,11/12/2018 17:31,,,24,en-GB,P3,,1,0,0,0,1,0,0,0,,,,,,,0,0,0,0,0,0,0,0,0,0,0,0,0
e0d0a607f0d44b63bf3bf4c8ae41f906,11/12/2018 17:31,,,29,en-GB,P3,,1,0,0,0,1,0,0,0,,,,,,,0,0,0,0,0,0,0,0,0,0,0,0,0
1e91215d4c064ec4bfdc3bc6252398b6,11/12/2018 17:31,11/12/2018 17:34,,204,en-GB,P5,,1,0,0,0,1,0,0,0,,,,,,,0,1,0,0,0,1,0,0,0,1,0,0,1
03465ef9545a4293a304c434d83b1807,11/12/2018 17:31,,,24,en-GB,P3,,1,0,0,0,0,1,0,0,,,,,,,0,0,0,0,0,0,0,0,0,0,0,0,0
0f5d01647db240769752fa76a5298034,11/12/2018 17:31,11/12/2018 17:42,,655,en-GB,P5,,1,0,1,0,0,0,0,0,,,,,,,1,1,0,0,1,0,0,0,1,0,0,0,0
3b0c0fbd59784f4eb1b1ef2db32c01f5,11/12/2018 17:31,11/12/2018 17:34,,172,en-GB,P5,,1,0,0,0,0,0,0,1,,,,,,,1,1,1,1,0,0,0,0,0,0,0,0,1
5df5f0da14a94724a58a16a92ba82b23,11/12/2018 17:31,11/12/2018 17:34,,156,en-GB,P5,,1,0,0,0,0,1,0,0,,,,,,,0,0,0,0,0,0,0,0,0,0,0,0,0
24b46a3568ed49d6a210d60239d9ebdf,11/12/2018 17:31,11/12/2018 17:34,,170,en-GB,P5,,1,0,0,0,1,0,0,0,,,,,,,1,1,1,0,0,0,1,0,1,1,0,1,1
688c6569adf64d5f938b68a3dce4ffb0,11/12/2018 17:31,11/12/2018 17:34,,133,en-GB,P5,,1,0,0,0,1,0,0,0,,,,,,,0,0,0,0,0,0,1,0,0,1,0,0,1
bf468b99c4e9485697306049b8c359e9,11/12/2018 17:31,,,24,en-GB,P2,,1,0,0,0,0,0,0,0,,,,,,,0,0,0,0,0,0,0,0,0,0,0,0,0
0fc2a7228cc24068a0e04bf8b81afd06,11/12/2018 17:32,,,17,en-GB,P2,,1,0,0,0,0,0,0,0,,,,,,,0,0,0,0,0,0,0,0,0,0,0,0,0
2d7be926aa7f43dd9c863547a09270c9,11/12/2018 17:32,,,16,en-GB,P3,,1,0,0,1,0,0,0,0,,,,,,,0,0,0,0,0,0,0,0,0,0,0,0,0
efc1fd0efa424954bb712c146950ae6f,11/12/2018 17:32,11/12/2018 17:36,,234,en-GB,P5,,1,0,0,0,1,0,0,0,,,,,,,1,1,0,0,0,1,0,0,1,1,0,0,1
f8a61eadb5a949538ed637f78f71045a,11/12/2018 17:32,,,15,en-GB,P3,,1,0,0,0,1,0,0,0,,,,,,,0,0,0,0,0,0,0,0,0,0,0,0,0
8cb27f60b71a47ffae5198218b3b37f1,11/12/2018 17:32,11/12/2018 17:35,,199,en-GB,P1,,1,0,0,0,0,1,0,0,,,,,,,1,1,0,0,1,0,0,0,0,0,0,0,1
e8a02990e30f4ddcae62187be4f60bc6,11/12/2018 17:32,11/12/2018 17:41,,522,en-GB,P5,,1,0,1,0,0,0,0,0,,,,,,,1,1,0,1,0,0,0,0,1,0,0,0,0
a1506ee971cd4d16aa93d89ba293f9eb,11/12/2018 17:32,11/12/2018 17:38,,328,en-GB,P5,,1,0,0,0,1,0,0,0,,,,,,,0,0,1,1,0,0,0,0,0,0,0,0,1
d58ade42a487444e8827aa94b6d64fdb,11/12/2018 17:33,11/12/2018 17:36,,182,en-GB,P5,,1,0,0,0,1,0,0,0,,,,,,,0,1,0,0,0,1,0,0,0,0,0,0,1
1e798c39150b4ef0bca352bcd4b7ebae,11/12/2018 17:33,11/12/2018 17:39,,385,en-GB,P5,,1,0,1,0,0,0,0,0,,,,,,,0,0,0,0,0,0,1,0,1,1,0,0,0
b66375ecc96a4a94ad21e58d31c00b29,11/12/2018 17:34,,,41,en-GB,P3,,1,0,0,0,0,0,0,1,,,,,,,0,0,0,0,0,0,0,0,0,0,0,0,0
d041fde54c5543438238d0dcf699f939,11/12/2018 17:34,11/12/2018 17:53,,1145,en-GB,P5,,1,0,0,1,0,0,0,0,,,,,,,0,1,1,0,0,1,0,0,1,0,0,0,1
c3c3f164a9254e33922a1f0c0275bc40,11/12/2018 17:34,,,45,en-GB,P3,,1,0,0,0,0,0,0,1,,,,,,,0,0,0,0,0,0,0,0,0,0,0,0,0
1801ac3a87914131a0f54a1351f140a4,11/12/2018 17:35,,,19,en-GB,P3,,1,0,0,0,1,0,0,0,,,,,,,0,0,0,0,0,0,0,0,0,0,0,0,0
a4a37388af3b4191b87d537c402cc05c,11/12/2018 17:35,,,1153,en-GB,P4,,1,0,0,0,1,0,0,0,,,,,,,0,0,0,0,0,0,0,0,0,0,0,0,0
230618b781794024923553c675a7dffd,11/12/2018 17:36,11/12/2018 17:41,,268,en-GB,P5,,1,0,0,0,1,0,0,0,,,,,,,1,0,1,0,0,1,0,0,1,1,0,0,0
5b47df55b2cf4d5a8506e28c28e97f43,11/12/2018 17:38,,,23,en-GB,P3,,1,0,0,0,0,1,0,0,,,,,,,0,0,0,0,0,0,0,0,0,0,0,0,0
8be2f6191f4a44289d8566b612a363f0,11/12/2018 17:38,,,20,en-GB,P3,,1,0,0,0,0,1,0,0,,,,,,,0,0,0,0,0,0,0,0,0,0,0,0,0
a88a8fb4c22040ff8151a27fcae678d7,11/12/2018 17:39,11/12/2018 17:41,,139,en-GB,P5,,1,0,0,0,0,0,0,1,,,,,,,1,1,1,0,0,1,0,0,0,0,0,0,1
21758e6e68ac4d1899edbf13fa3045a4,11/12/2018 17:40,11/12/2018 17:46,,364,en-GB,P5,,1,0,0,0,1,0,0,0,,,,,,,1,1,1,0,0,0,1,0,0,0,0,0,1
13ba7bf39ad04251b74ccdca54cb4c4e,11/12/2018 17:40,,,66,en-GB,P4,,1,0,0,1,0,0,0,0,,,,,,,0,0,0,0,0,0,0,0,0,0,0,0,0
56a47b3321de4fc1aed5e6f9407e5ae4,11/12/2018 17:41,,,10,en-GB,P3,,1,0,0,0,0,1,0,0,,,,,,,0,0,0,0,0,0,0,0,0,0,0,0,0
09520f23f63847e4926f23a7d1a5c1ed,11/12/2018 17:41,,,17,en-GB,P3,,1,0,0,0,0,0,0,1,,,,,,,0,0,0,0,0,0,0,0,0,0,0,0,0
56ca9b7732434cef9d4f1fed4471d46a,11/12/2018 17:42,11/12/2018 17:46,,217,en-GB,P5,,1,0,0,1,0,0,0,0,,,,,,,1,1,1,0,0,1,0,0,0,0,0,0,1
6d15c578e2b1472ab46f3c9834f9489f,11/12/2018 17:43,11/12/2018 17:54,,640,en-GB,P5,,1,0,0,0,0,0,0,1,,,,,,,1,1,0,0,0,1,0,0,0,1,0,0,1
82d317c2ae814c038f4a2db41463274a,11/12/2018 17:43,,,57,en-GB,P3,,1,0,0,0,0,1,0,0,,,,,,,0,0,0,0,0,0,0,0,0,0,0,0,0
fdeca08a49094210b4e2ce1c538e28a7,11/12/2018 17:44,,,20,en-GB,P3,,1,0,0,0,0,1,0,0,,,,,,,0,0,0,0,0,0,0,0,0,0,0,0,0
a8151cba9f6949709aaf14939e360177,11/12/2018 17:44,11/12/2018 17:49,,295,en-GB,P5,,1,0,0,0,1,0,0,0,,,,,,,1,1,1,0,0,1,0,0,1,0,0,1,1
2bdee0a6810941b18b9131bcdf770e3e,11/12/2018 17:46,,,74,en-GB,P4,,1,0,0,0,1,0,0,0,,,,,,,0,0,0,0,0,0,0,0,0,0,0,0,0
b3cb567050364f9ba9050137fc1800f1,11/12/2018 17:47,,,21,en-GB,P3,,1,0,0,0,0,1,0,0,,,,,,,0,0,0,0,0,0,0,0,0,0,0,0,0
48666fcc1af04402bc03453f2fa99960,11/12/2018 17:47,,,15,en-GB,P3,,1,0,0,0,0,1,0,0,,,,,,,0,0,0,0,0,0,0,0,0,0,0,0,0
e41db18d28954074ba1b8ccf3c95e82c,11/12/2018 17:48,11/12/2018 17:52,,241,en-GB,P5,,1,0,0,0,0,1,0,0,,,,,,,1,1,0,0,0,0,1,0,1,0,0,0,1
b27378b9681348978909ca3e4091709a,11/12/2018 17:48,,,57,en-GB,P3,,1,0,0,0,1,0,0,0,,,,,,,0,0,0,0,0,0,0,0,0,0,0,0,0
5c18171c67764be281c5402d44201a31,11/12/2018 17:52,,,20,en-GB,P3,,1,0,0,0,0,1,0,0,,,,,,,0,0,0,0,0,0,0,0,0,0,0,0,0
974e62b7021043b9873c6f7bc8dfa3cd,11/12/2018 17:53,,,48,en-GB,P3,,1,0,0,0,1,0,0,0,,,,,,,0,0,0,0,0,0,0,0,0,0,0,0,0
2362915e4a61449a857bdbe37f615336,11/12/2018 17:55,11/12/2018 18:04,,543,en-GB,P5,,1,0,0,1,0,0,0,0,,,,,,,1,1,1,0,1,0,0,0,0,1,0,1,1
875b304a34fd49cf86e16f974139d7ce,11/12/2018 17:56,,,13,en-GB,P2,,1,0,0,0,0,0,0,0,,,,,,,0,0,0,0,0,0,0,0,0,0,0,0,0
b449d6288cd24f179e4d5988225c2d82,11/12/2018 17:58,,,17,en-GB,P3,,1,0,0,1,0,0,0,0,,,,,,,0,0,0,0,0,0,0,0,0,0,0,0,0
995b2456a92640e4b27c6b8c04320953,11/12/2018 17:59,11/12/2018 18:03,,205,en-GB,P5,,1,0,0,1,0,0,0,0,,,,,,,1,1,0,1,0,0,0,0,0,0,0,0,0
d196bef130554724b34f7cd8d600fa25,11/12/2018 18:00,,,224,en-GB,P5,,1,0,0,0,0,1,0,0,,,,,,,0,0,0,0,0,0,1,0,0,0,0,0,0
e7f45876f4774b9fa3edd21630e25fc9,11/12/2018 18:00,,,59,en-GB,P3,,1,0,0,0,0,0,0,1,,,,,,,0,0,0,0,0,0,0,0,0,0,0,0,0
c8a40a14c8164c14970d7856b0a62189,11/12/2018 18:05,,,56,en-GB,P1,,1,0,0,0,0,0,0,1,,,,,,,0,0,0,0,0,0,0,0,0,0,0,0,0
5c2d7403051845ba85aa0f6e0641c88c,11/12/2018 18:06,11/12/2018 18:10,,214,en-GB,P5,,1,0,0,0,1,0,0,0,,,,,,,1,1,1,0,0,1,0,0,1,0,0,0,1
b7cbfca8bef84a5a85ba93b7210330d6,11/12/2018 18:08,11/12/2018 18:10,,159,en-GB,P5,,1,0,0,0,0,0,0,1,,,,,,,1,1,1,1,0,0,0,0,0,0,0,0,1
084a6bf4c5014a1fbcfe0bb687d61c83,11/12/2018 18:08,11/12/2018 18:10,,113,en-GB,P5,,1,0,1,0,0,0,0,0,,,,,,,1,1,1,0,0,1,0,0,1,0,0,0,1
c520942bac7e4b44bb07469510ea3193,11/12/2018 18:11,11/12/2018 18:16,,345,en-GB,P5,,1,0,0,0,0,1,0,0,,,,,,,1,1,1,0,0,1,0,0,1,0,0,0,1
0bdc1c182c8b4b46a6e818f345fd8e22,11/12/2018 18:12,11/12/2018 18:15,,200,en-GB,P5,,1,0,0,1,0,0,0,0,,,,,,,1,1,1,0,0,0,1,0,0,1,0,1,1
e2e5a70fd00a4c9c82028a468a3afde4,11/12/2018 18:13,,,12,en-GB,P3,,1,0,0,0,1,0,0,0,,,,,,,0,0,0,0,0,0,0,0,0,0,0,0,0
1412fc6e9c1e43b6afd8c70df930fbea,11/12/2018 18:14,11/12/2018 18:15,,53,en-GB,P5,,1,0,1,0,0,0,0,0,,,,,,,0,0,0,0,0,0,0,0,0,0,0,0,0
a6f4fc5e58b34f75baa537b009ca25a8,11/12/2018 18:17,,,8,en-GB,P3,,1,0,1,0,0,0,0,0,,,,,,,0,0,0,0,0,0,0,0,0,0,0,0,0
87f47c7a44504db28962e200aba5ca75,11/12/2018 18:18,11/12/2018 18:23,,304,en-GB,P5,,1,0,0,1,0,0,0,0,,,,,,,1,1,1,0,0,1,0,0,0,0,0,0,1
dc52f8d02260420591c0e2c410562c64,11/12/2018 18:19,,,29,en-GB,P3,,1,0,0,0,1,0,0,0,,,,,,,0,0,0,0,0,0,0,0,0,0,0,0,0
f2dec8da4680419c81e194308c6d983f,11/12/2018 18:24,,,36,en-GB,P3,,1,0,0,0,0,0,0,1,,,,,,,0,0,0,0,0,0,0,0,0,0,0,0,0
f27b01c166f74cca9e5b5b0524bf02ec,11/12/2018 18:24,,,59,en-GB,P3,,1,0,0,1,0,0,0,0,,,,,,,0,0,0,0,0,0,0,0,0,0,0,0,0
1bc3d5d1193f497cb30fc21bc68ec47a,11/12/2018 18:27,,,8,en-GB,P3,,1,0,0,0,1,0,0,0,,,,,,,0,0,0,0,0,0,0,0,0,0,0,0,0
f73e44c6729c44188d56c159f5a5693c,11/12/2018 18:27,,,25,en-GB,P3,,1,0,0,0,1,0,0,0,,,,,,,0,0,0,0,0,0,0,0,0,0,0,0,0
b45a0852dc8e4fb49ab8e61e1e5698fa,11/12/2018 18:30,,,10,en-GB,P3,,1,0,0,1,0,0,0,0,,,,,,,0,0,0,0,0,0,0,0,0,0,0,0,0
24abf01f7194449792c51ec6280d2048,11/12/2018 18:33,,,7,en-GB,P3,,1,0,0,0,1,0,0,0,,,,,,,0,0,0,0,0,0,0,0,0,0,0,0,0
2b9e5c9e239a471298d119fbbc9ec409,11/12/2018 18:35,11/12/2018 18:42,,453,en-GB,P5,,1,0,0,0,1,0,0,0,,,,,,,0,1,0,0,0,1,0,0,0,1,0,0,1
eae5a3edbeba419d8a74d83878858e94,11/12/2018 18:39,11/12/2018 18:42,,136,en-GB,P5,,1,0,0,0,0,1,0,0,,,,,,,0,1,1,0,0,1,0,0,0,1,0,0,1
879f57a18eed443b88d52f80bf97f680,11/12/2018 18:44,,,257,en-GB,P3,,1,0,1,0,0,0,0,0,,,,,,,0,0,0,0,0,0,0,0,0,0,0,0,0
81aec16bf1544cb0b68672cb51fe47f3,11/12/2018 18:47,11/12/2018 18:49,,119,en-GB,P5,,1,0,1,0,0,0,0,0,,,,,,,1,1,1,0,0,1,0,0,1,1,0,0,1
dcb84e41d4b54146b3cd78ca6387bd62,11/12/2018 18:49,,,32,en-GB,P3,,1,0,0,0,0,1,0,0,,,,,,,0,0,0,0,0,0,0,0,0,0,0,0,0
0df84e859e014463bc55294cd1fcd782,11/12/2018 18:51,11/12/2018 18:53,,146,en-GB,P5,,1,0,0,0,0,1,0,0,,,,,,,1,0,0,0,0,0,1,0,0,1,0,0,1
98ed364c232b42e3b3bb00a0ddc92c9f,11/12/2018 18:51,11/12/2018 18:57,,332,en-GB,P5,,1,0,0,0,0,0,0,1,,,,,,,1,0,1,1,0,0,0,0,1,1,0,1,1
7995fc16a62e42b9a912f69384ccdc15,11/12/2018 18:52,,,11,en-GB,P2,,1,0,0,0,0,0,0,0,,,,,,,0,0,0,0,0,0,0,0,0,0,0,0,0
eb6b5711f0db40d1a07b858d39329e0a,11/12/2018 18:57,11/12/2018 19:00,,228,en-GB,P5,,1,0,0,0,1,0,0,0,,,,,,,1,0,0,0,0,1,0,0,0,1,0,1,1
7b3a9ecb206a4963aa60844aa78af030,11/12/2018 19:00,11/12/2018 19:04,,264,en-GB,P5,,1,0,0,1,0,0,0,0,,,,,,,0,0,0,0,0,0,0,1,1,0,0,0,1
e1269eb952bf423f98347390febaacbf,11/12/2018 19:03,11/12/2018 19:06,,197,en-GB,P5,,1,0,1,0,0,0,0,0,,,,,,,1,1,1,0,0,0,1,0,1,1,0,0,1
08bed790815d4d499930dd9b18fd8f72,11/12/2018 19:04,,,16,en-GB,P3,,1,0,0,0,1,0,0,0,,,,,,,0,0,0,0,0,0,0,0,0,0,0,0,0
f3960ae61dcf404685e78c18d8754b98,11/12/2018 19:08,11/12/2018 19:13,,292,en-GB,P5,,1,0,0,0,1,0,0,0,,,,,,,1,1,1,0,0,1,0,0,0,1,0,0,1
3b0b5847077d4e20acbab4a141baa755,11/12/2018 19:10,,,257,en-GB,P5,,1,0,0,1,0,0,0,0,,,,,,,1,1,0,0,0,1,0,0,1,1,0,1,1
2d2b6bb33ae2495298448249a435b5b6,11/12/2018 19:11,11/12/2018 19:14,,190,en-GB,P5,,1,0,0,0,0,1,0,0,,,,,,,1,1,1,0,1,0,0,0,1,0,0,0,0
c302b39af831469ea3e561a29f1db39b,11/12/2018 19:12,11/12/2018 19:17,,286,en-GB,P5,,1,0,0,0,1,0,0,0,,,,,,,1,1,0,0,0,1,0,0,1,0,1,0,1
983778f734744fafb11c910c76b01dba,11/12/2018 19:17,11/12/2018 19:23,,379,en-GB,P5,,1,0,0,0,1,0,0,0,,,,,,,1,0,1,0,0,1,0,0,1,1,1,1,1
b5ffa5f6c7bb446ebe0a148c4101996c,11/12/2018 19:24,11/12/2018 19:31,,441,en-GB,P5,,1,0,1,0,0,0,0,0,,,,,,,1,1,1,0,0,1,0,0,0,0,0,0,1
042fb90dedf84012ac96f78b969c145d,11/12/2018 19:28,11/12/2018 19:32,,255,en-GB,P5,,1,0,0,0,0,1,0,0,,,,,,,1,1,0,0,0,0,0,1,1,0,1,0,0
30294219c65742ba972c05fb448f5372,11/12/2018 19:29,,,139,en-GB,P4,,1,0,0,0,1,0,0,0,,,,,,,0,0,0,0,0,0,0,0,0,0,0,0,0
9d4325d7a939446cb14d2c3879d21ce8,11/12/2018 19:30,,,17,en-GB,P3,,1,0,0,0,0,1,0,0,,,,,,,0,0,0,0,0,0,0,0,0,0,0,0,0
654ae8ce9cdc4510b4dc1a6c30c11852,11/12/2018 19:39,11/12/2018 19:42,,140,en-GB,P5,,1,0,0,0,0,0,1,0,,,,,,,0,1,1,0,1,0,0,0,1,0,0,0,1
cbbf50a511664b7fa3e663ab5e44ef45,11/12/2018 19:48,11/12/2018 19:54,,312,en-GB,P5,,1,0,0,0,1,0,0,0,,,,,,,0,0,1,0,0,0,0,1,0,1,0,0,1
522e44a17ce248e7bfa9089a0e2e0afa,11/12/2018 20:00,11/12/2018 20:04,,248,en-GB,P5,,1,0,0,0,1,0,0,0,,,,,,,1,1,1,1,0,0,0,0,0,0,0,0,1
1377c9dd75834eb2a5248b06d2f291a9,11/12/2018 20:06,11/12/2018 20:11,,287,en-GB,P5,,1,0,0,1,0,0,0,0,,,,,,,1,0,0,1,0,0,0,0,0,0,0,0,1
3cc1572de8874cbba18712d8d6a7c4ea,11/12/2018 20:07,11/12/2018 20:12,,311,en-GB,P5,,1,0,0,1,0,0,0,0,,,,,,,1,1,1,1,0,0,0,0,0,1,0,0,1
49a0aaa06361426198ad7d9c39fd6c43,11/12/2018 20:08,,,14,en-GB,P3,,1,0,0,0,1,0,0,0,,,,,,,0,0,0,0,0,0,0,0,0,0,0,0,0
aa0c630865ca425d83edb09e13e4e076,11/12/2018 20:08,11/12/2018 20:11,,184,en-GB,P5,,1,0,0,0,0,1,0,0,,,,,,,1,1,1,0,0,1,0,0,0,0,0,1,1
bcbe2a828854449ca3a3aa67d53b01b6,11/12/2018 20:09,,,13,en-GB,P3,,1,0,0,0,0,1,0,0,,,,,,,0,0,0,0,0,0,0,0,0,0,0,0,0
65ff0e35fa9d48a7bd82a115cf775b46,11/12/2018 20:11,11/12/2018 20:16,,307,en-GB,P5,,1,0,0,1,0,0,0,0,,,,,,,1,1,1,0,1,0,0,0,1,0,0,0,0
9bcafed78a8b4ce480470cde3bd46762,11/12/2018 20:12,,,10,en-GB,P3,,1,0,1,0,0,0,0,0,,,,,,,0,0,0,0,0,0,0,0,0,0,0,0,0
b573f5c050de49088746b53dfba01ed7,11/12/2018 20:16,,,25,en-GB,P3,,1,0,0,0,1,0,0,0,,,,,,,0,0,0,0,0,0,0,0,0,0,0,0,0
8e733e679b594fdea1b3558978ab7794,11/12/2018 20:21,,,15,en-GB,P3,,1,0,0,0,1,0,0,0,,,,,,,0,0,0,0,0,0,0,0,0,0,0,0,0
85544060e3ab4484bdbe6eeb0baf3da9,11/12/2018 20:33,,,20,en-GB,P3,,1,0,0,1,0,0,0,0,,,,,,,0,0,0,0,0,0,0,0,0,0,0,0,0
6d1f78e374e14822aed717c643d6eac4,11/12/2018 20:35,,,55,en-GB,P3,,1,0,0,0,1,0,0,0,,,,,,,0,0,0,0,0,0,0,0,0,0,0,0,0
be169700137945bb90c307f35402f32f,11/12/2018 20:37,,,10,en-GB,P3,,1,0,0,1,0,0,0,0,,,,,,,0,0,0,0,0,0,0,0,0,0,0,0,0
5a8dc30fdc8d49408458d5c8685430af,11/12/2018 20:49,11/12/2018 20:53,,228,en-GB,P5,,1,0,0,0,1,0,0,0,,,,,,,1,1,1,0,1,0,0,0,0,1,0,0,1
f77fb776d2554dfab03486b033b93e2d,11/12/2018 20:51,,,29,en-GB,P3,,1,0,1,0,0,0,0,0,,,,,,,0,0,0,0,0,0,0,0,0,0,0,0,0
4aa50a8ce1cc4369ab9fabcdd6140101,11/12/2018 21:01,11/12/2018 21:03,,109,en-GB,P5,,1,0,0,1,0,0,0,0,,,,,,,1,1,1,1,0,0,0,0,0,0,0,0,1
a641954ee38349b5b0036dc444ffff86,11/12/2018 21:03,,,12,en-GB,P3,,1,0,0,0,1,0,0,0,,,,,,,0,0,0,0,0,0,0,0,0,0,0,0,0
a925389cd5594feda72c7c47589e49e3,11/12/2018 21:06,11/12/2018 21:14,,451,en-GB,P5,,1,0,1,0,0,0,0,0,,,,,,,1,0,0,0,0,1,0,0,0,0,0,1,1
e3cb5fad40814068b55a45bfcb213b0b,11/12/2018 21:17,11/12/2018 21:24,,409,en-GB,P5,,1,0,0,1,0,0,0,0,,,,,,,1,1,1,0,0,1,0,0,0,1,0,0,0
cae354a222fd4d3ea01c69dd3fc9edfe,11/12/2018 21:23,11/12/2018 21:28,,303,en-GB,P5,,1,0,1,0,0,0,0,0,,,,,,,1,1,0,0,0,1,0,0,0,0,0,0,0
69cce4b3f6ec4d4bbf4948a8d20220d1,11/12/2018 21:30,11/12/2018 21:36,,327,en-GB,P5,,1,0,0,1,0,0,0,0,,,,,,,1,1,1,0,0,0,1,0,1,1,1,0,1
4f2026d6719641d686db924d5058fafe,11/12/2018 21:35,,,17,en-GB,P3,,1,0,1,0,0,0,0,0,,,,,,,0,0,0,0,0,0,0,0,0,0,0,0,0
f1f0b4f535ff4030910552b2a7566a06,11/12/2018 21:45,11/12/2018 21:48,,213,en-GB,P5,,1,0,0,0,1,0,0,0,,,,,,,1,1,1,1,0,0,0,0,0,1,0,0,0
c806f8f8726f4e378f4a69018e7fd4cf,11/12/2018 21:54,11/12/2018 22:00,,326,en-GB,P5,,1,0,0,0,0,0,0,1,,,,,,,0,0,1,0,0,1,0,0,0,0,0,0,0
20ecfbad1ed14e28b015db4bdd0baba9,11/12/2018 22:04,,,109,en-GB,P4,,1,0,1,0,0,0,0,0,,,,,,,0,0,0,0,0,0,0,0,0,0,0,0,0
25578fce0e0149bfb86ea141a9f2fa13,11/12/2018 22:11,,,21,en-GB,P2,,1,0,0,0,0,0,0,0,,,,,,,0,0,0,0,0,0,0,0,0,0,0,0,0
257a456a3a26463fae5d431eb962d789,11/12/2018 22:13,,,128,en-GB,P4,,1,0,1,0,0,0,0,0,,,,,,,0,0,0,0,0,0,0,0,0,0,0,0,0
1a418dd402be404eb9742280f49e4cb2,11/12/2018 22:13,11/12/2018 22:20,,400,en-GB,P5,,1,0,0,0,1,0,0,0,,,,,,,1,1,1,1,0,0,0,0,1,0,0,0,0
d884e28bbd7a4857b679dbf47645f863,11/12/2018 22:17,11/12/2018 22:20,,156,en-GB,P5,,1,0,0,0,1,0,0,0,,,,,,,1,0,1,0,1,0,0,0,1,1,0,0,1
bfb47e2da5dc4207aed8c1a61e1943fc,11/12/2018 22:30,11/12/2018 22:34,,294,en-GB,P5,,1,0,0,0,1,0,0,0,,,,,,,1,1,1,0,0,1,0,0,0,1,0,0,0
3a25770efe42497e8ac7e415afccef3b,11/12/2018 22:54,11/12/2018 22:57,,174,en-GB,P5,,1,0,0,1,0,0,0,0,,,,,,,0,0,1,0,0,1,0,0,1,1,0,0,1
05169e9ac46147dfa21b900e8450c7cf,11/12/2018 22:55,,,14,en-GB,P3,,1,0,1,0,0,0,0,0,,,,,,,0,0,0,0,0,0,0,0,0,0,0,0,0
07dea093df6a47c7b419dc1765a56071,11/12/2018 23:05,,,22,en-GB,P3,,1,0,1,0,0,0,0,0,,,,,,,0,0,0,0,0,0,0,0,0,0,0,0,0
051aa009043f443c93adf1c1dbcb747d,11/12/2018 23:43,,,56,en-GB,P3,,1,0,0,1,0,0,0,0,,,,,,,0,0,0,0,0,0,0,0,0,0,0,0,0
94f25abddad94f35ac827fd4ac2999fe,11/12/2018 23:56,,,28,en-GB,P3,,1,0,0,0,0,0,1,0,,,,,,,0,0,0,0,0,0,0,0,0,0,0,0,0
4300767067414765a77b389d87e0bcb8,11/13/2018 00:01:06,11/13/2018 00:03:38,,152,en-GB,P5,,1,0,0,0,0,0,0,1,,,,,,,1,1,0,0,0,0,1,0,1,0,0,0,1
6dea2eb897684e60b6e492fad75404a7,11/13/2018 00:14:24,,,76,en-GB,P1,,1,0,1,0,0,0,0,0,,,,,,,0,0,0,0,0,0,0,0,0,0,0,0,0
e16790ccc4004632aefadd0815b7bc70,11/13/2018 00:25:48,11/13/2018 00:29:02,,194,en-GB,P5,,1,0,0,0,1,0,0,0,,,,,,,1,0,1,0,0,1,0,0,1,1,1,0,1
0e8b50b92ae047d8a21c13f524b11937,11/13/2018 00:57:04,11/13/2018 01:00:55,,233,en-GB,P5,,1,0,0,0,0,1,0,0,,,,,,,1,1,0,0,0,1,0,0,1,0,0,0,1
2c8ea3855e1d43faacc922ecac992471,11/13/2018 00:58:25,,,29,en-GB,P3,,1,0,1,0,0,0,0,0,,,,,,,0,0,0,0,0,0,0,0,0,0,0,0,0
cb73bafdc0634aa8b1c78954757cb20e,11/13/2018 01:27:58,,,96,en-GB,P3,,1,0,0,0,1,0,0,0,,,,,,,0,0,0,0,0,0,0,0,0,0,0,0,0
3f86ee15dcf74073ae3b4dbd3d7e25fc,11/13/2018 01:38:14,11/13/2018 01:42:31,,257,en-GB,P5,,1,0,0,1,0,0,0,0,,,,,,,1,1,1,0,0,1,0,0,1,1,0,0,1
868da521d09046dfa36637830c434b74,11/13/2018 02:30:34,11/13/2018 02:33:31,,217,en-GB,P5,,1,0,1,0,0,0,0,0,,,,,,,1,0,0,0,0,0,1,0,0,1,1,0,0
c109d37ad95e4b398b6037407ccb9a0f,11/13/2018 06:52:16,,,28,en-GB,P3,,1,0,0,0,0,1,0,0,,,,,,,0,0,0,0,0,0,0,0,0,0,0,0,0
6f085145e28b4f1794cb8c2f0bf64e2e,11/13/2018 07:14:59,,,45,en-GB,P3,,1,0,0,1,0,0,0,0,,,,,,,0,0,0,0,0,0,0,0,0,0,0,0,0
9dcdedd92a20463293ad2394462e513e,11/13/2018 07:19:24,,,12,en-GB,P2,,1,0,0,0,0,0,0,0,,,,,,,0,0,0,0,0,0,0,0,0,0,0,0,0
7be4e6a2ec3b45668a3d025792e4b669,11/13/2018 08:02:17,11/13/2018 08:05:41,,203,en-GB,P5,,1,0,0,0,0,1,0,0,,,,,,,0,0,0,0,1,0,0,0,1,0,0,0,1
f61910ef5c1f4000bbafeceb78ee2ad2,11/13/2018 08:05:52,,,39,en-GB,P3,,1,0,0,0,0,0,0,1,,,,,,,0,0,0,0,0,0,0,0,0,0,0,0,0
c13fb9d1c6484b788ad9286b98849897,11/13/2018 08:08:29,11/13/2018 08:13:21,,293,en-GB,P5,,1,0,1,0,0,0,0,0,,,,,,,1,1,0,1,0,0,0,0,1,0,0,1,1
36957e9969c54070a3d344a9118a3a71,11/13/2018 08:12:57,11/13/2018 08:16:52,,234,en-GB,P5,,1,0,0,0,0,0,0,1,,,,,,,1,1,1,0,0,1,0,0,0,0,0,0,1
0550578fdb3747bbb45daca4ee046093,11/13/2018 08:14:39,11/13/2018 08:17:42,,182,en-GB,P5,,1,0,0,0,1,0,0,0,,,,,,,1,1,0,0,0,1,0,0,1,0,0,0,1
cc4cc008511f453cb366e3633f703a69,11/13/2018 08:32:21,,,32,en-GB,P3,,1,0,1,0,0,0,0,0,,,,,,,0,0,0,0,0,0,0,0,0,0,0,0,0
5c3e34bae8704c39856d0b1a37f4d5f4,11/13/2018 08:34:46,11/13/2018 08:37:10,,146,en-GB,P5,,1,0,0,0,0,0,0,1,,,,,,,0,0,1,1,0,0,0,0,0,1,1,1,1
93d46971bd40477cb931cddf92f03216,11/13/2018 08:38:47,11/13/2018 08:40:48,,121,en-GB,P5,,1,0,0,0,0,1,0,0,,,,,,,0,1,0,0,0,0,1,0,1,1,0,0,1
dff9d696de2c4ac3aa4401aef88b4a44,11/13/2018 08:48:19,11/13/2018 08:50:19,,121,en-GB,P5,,1,0,0,0,1,0,0,0,,,,,,,1,1,1,0,0,1,0,0,1,0,0,0,1
0a15321d85084a93bbed2230125ebd71,11/13/2018 08:54:25,,,37,en-GB,P3,,1,0,1,0,0,0,0,0,,,,,,,0,0,0,0,0,0,0,0,0,0,0,0,0
ead01da76a5b4f55b24a29d282dcebf7,11/13/2018 08:55:32,11/13/2018 09:00:49,,316,en-GB,P5,,1,0,0,0,1,0,0,0,,,,,,,1,1,1,1,0,0,0,0,0,0,0,1,1
25a4625e99a94a27b937be2b4eff1195,11/13/2018 08:55:43,11/13/2018 09:00:38,,293,en-GB,P5,,1,0,0,0,1,0,0,0,,,,,,,0,1,0,0,0,0,0,1,1,0,0,0,1
da6030039b194fd68759920ba2d8013c,11/13/2018 08:57:33,11/13/2018 09:02:01,,267,en-GB,P5,,1,0,1,0,0,0,0,0,,,,,,,1,0,0,0,0,0,1,0,0,1,0,0,0
0789a1345c90447c87830111c18861a3,11/13/2018 09:02:31,,,13,en-GB,P3,,1,0,1,0,0,0,0,0,,,,,,,0,0,0,0,0,0,0,0,0,0,0,0,0
75297d7f508742c59472fe55748b10b8,11/13/2018 09:02:54,11/13/2018 09:06:30,,216,en-GB,P5,,1,0,0,0,1,0,0,0,,,,,,,1,1,1,0,0,0,0,1,0,1,0,0,1
7b564eefeeee40078cb7dd52f551928c,11/13/2018 09:08:16,11/13/2018 09:13:12,,295,en-GB,P5,,1,0,0,1,0,0,0,0,,,,,,,1,0,1,0,0,0,1,0,0,1,0,0,1
d109f51e31aa4cd3b41d0e3d1c5ef0f1,11/13/2018 09:14:24,,,43,en-GB,P4,,1,0,1,0,0,0,0,0,,,,,,,0,0,0,0,0,0,0,0,0,0,0,0,0
e833d25579844f7dab737568c3259637,11/13/2018 09:17:54,,,25,en-GB,P3,,1,0,0,1,0,0,0,0,,,,,,,0,0,0,0,0,0,0,0,0,0,0,0,0
ddba707ee7454cc7931b94577e8258f3,11/13/2018 09:22:44,,,15,en-GB,P3,,1,0,0,0,1,0,0,0,,,,,,,0,0,0,0,0,0,0,0,0,0,0,0,0
2f3117276acd4bb6b1456a4cbc4b221a,11/13/2018 09:34:17,,,51,en-GB,P3,,1,0,0,1,0,0,0,0,,,,,,,0,0,0,0,0,0,0,0,0,0,0,0,0
07df241c6e4d4a40bcc8f6c564c19e52,11/13/2018 09:34:22,11/13/2018 09:38:36,,253,en-GB,P5,,1,0,0,1,0,0,0,0,,,,,,,1,1,0,1,0,0,0,0,0,0,0,0,1
1625076f31124014a91c6f0eb8ec8fc0,11/13/2018 09:51:40,,,33,en-GB,P3,,1,0,0,1,0,0,0,0,,,,,,,0,0,0,0,0,0,0,0,0,0,0,0,0
970edf1ce4f94ead948bc5ae1732ab0d,11/13/2018 09:54:57,11/13/2018 10:00:36,,340,en-GB,P5,,1,0,0,0,1,0,0,0,,,,,,,1,1,1,0,0,1,0,0,1,0,0,0,1
54093f0a2cf24344b70b55080a40a55e,11/13/2018 10:04:18,,,37,en-GB,P3,,1,0,0,1,0,0,0,0,,,,,,,0,0,0,0,0,0,0,0,0,0,0,0,0
a1fd68f80ab940aa9298be6bd49990f6,11/13/2018 10:08:40,,,40,en-GB,P3,,1,0,0,0,0,1,0,0,,,,,,,0,0,0,0,0,0,0,0,0,0,0,0,0
e46c21ce9a5649d28204cb7f75ff6cf2,11/13/2018 10:10:06,11/13/2018 10:15:31,,325,en-GB,P5,,1,0,1,0,0,0,0,0,,,,,,,1,1,0,0,0,1,0,0,0,0,0,0,1
8c7ec5a3db4146408af061ecd9c82783,11/13/2018 10:22:15,11/13/2018 10:24:32,,137,en-GB,P5,,1,0,0,1,0,0,0,0,,,,,,,0,0,0,0,0,1,0,0,0,0,0,1,1
2743777db00c4f178cbb86e21f97c384,11/13/2018 10:22:21,,,33,en-GB,P3,,1,0,0,1,0,0,0,0,,,,,,,0,0,0,0,0,0,0,0,0,0,0,0,0
4aad6572c1a44872b434700522734605,11/13/2018 10:22:39,11/13/2018 10:25:39,,181,en-GB,P5,,1,0,0,1,0,0,0,0,,,,,,,1,1,0,0,0,1,0,0,1,0,0,1,1
1418d81d3e234bd58b03098110d5fb6f,11/13/2018 10:23:53,11/13/2018 10:28:51,,298,en-GB,P5,,1,0,0,1,0,0,0,0,,,,,,,0,1,1,0,1,0,0,0,1,0,0,1,1
c6a86425cc104d54b7ca42dda4fe9c93,11/13/2018 10:23:58,,,11,en-GB,P3,,1,0,0,1,0,0,0,0,,,,,,,0,0,0,0,0,0,0,0,0,0,0,0,0
2b4365a37ff14ef1b0811d5c58531dd2,11/13/2018 10:25:33,11/13/2018 11:02:57,,2243,en-GB,P5,,1,0,1,0,0,0,0,0,,,,,,,1,1,1,0,0,0,1,0,1,0,0,1,1
1754fc31c41e4ed0940038fc95a159e7,11/13/2018 10:28:28,,,296,en-GB,P5,,1,0,0,1,0,0,0,0,,,,,,,1,1,1,0,0,0,0,1,1,0,0,0,1
9202048f841e499bbca8145ce1972704,11/13/2018 10:33:02,,,12,en-GB,P3,,1,0,0,0,0,1,0,0,,,,,,,0,0,0,0,0,0,0,0,0,0,0,0,0
4f4c724b53914721b213aa1e820fd836,11/13/2018 10:33:17,11/13/2018 10:35:43,,145,en-GB,P5,,1,0,1,0,0,0,0,0,,,,,,,0,1,0,0,0,1,0,0,1,1,0,0,1
aa088a33ae7a4bcba9404e328a32388b,11/13/2018 10:37:27,11/13/2018 10:40:49,,201,en-GB,P5,,1,0,0,1,0,0,0,0,,,,,,,1,1,1,0,0,1,0,0,1,1,0,0,1
250e1e1ef3a045b0943dfd8b598394b6,11/13/2018 10:55:33,11/13/2018 10:58:38,,186,en-GB,P5,,1,0,0,0,0,1,0,0,,,,,,,0,0,1,0,0,1,0,0,0,1,0,0,0
0d7b695864394b2886c8b7c614eaba47,11/13/2018 11:03:03,11/13/2018 11:05:37,,154,en-GB,P5,,1,0,1,0,0,0,0,0,,,,,,,0,1,1,0,0,1,0,0,0,1,0,0,0
54ee624661d9496b89f193885ac6ca1e,11/13/2018 11:10:32,,,26,en-GB,P3,,1,0,0,0,1,0,0,0,,,,,,,0,0,0,0,0,0,0,0,0,0,0,0,0
06317e420f2d42b98958f439e79e7942,11/13/2018 11:18:56,11/13/2018 11:21:10,,135,en-GB,P5,,1,0,0,0,0,0,1,0,,,,,,,1,1,0,0,0,1,0,0,0,1,0,0,1
c589361ae20b4f73b84219f0510db9f5,11/13/2018 11:52:46,11/13/2018 12:07:44,,898,en-GB,P5,,1,0,0,1,0,0,0,0,,,,,,,1,1,1,1,0,0,0,0,0,0,0,0,1
5df53af53d754902af59b570f38813c6,11/13/2018 11:56:35,11/13/2018 11:58:29,,114,en-GB,P5,,1,0,0,0,0,0,0,1,,,,,,,1,1,1,0,1,0,0,0,0,1,0,0,1
92f93e73a4da460d8374d78c062d0998,11/13/2018 11:59:06,11/13/2018 12:01:55,,169,en-GB,P5,,1,0,0,0,1,0,0,0,,,,,,,1,1,1,0,0,1,0,0,1,0,0,0,1
bd228424015148e1bd2fe54445a8a832,11/13/2018 12:17:53,11/13/2018 12:21:59,,246,en-GB,P5,,1,0,0,0,0,1,0,0,,,,,,,1,1,1,0,0,1,0,0,0,0,0,0,1
8a8c9385660f40079d139c28c12f7a49,11/13/2018 12:29:18,,,27,en-GB,P2,,1,0,0,0,0,0,0,0,,,,,,,0,0,0,0,0,0,0,0,0,0,0,0,0
1609500e39ac46b68d8189fecabcc9fd,11/13/2018 13:43:11,11/13/2018 13:49:59,,407,en-GB,P5,,1,0,0,0,1,0,0,0,,,,,,,0,0,0,0,0,1,0,0,1,0,0,0,1
f4160e1fef554e80884cb8c9e235101d,11/13/2018 13:51:21,11/13/2018 13:54:23,,182,en-GB,P5,,1,0,0,0,0,1,0,0,,,,,,,1,1,1,0,0,1,0,0,0,0,0,0,1
26d8c3d8e3954d3d9640552ae86a7c9c,11/13/2018 13:52:50,11/13/2018 14:03:56,,669,en-GB,P5,,1,0,1,0,0,0,0,0,,,,,,,0,0,1,0,1,0,0,0,1,0,0,0,0
3e354eaae14f4685896f4f45878735e1,11/13/2018 13:58:38,11/13/2018 14:04:49,,373,en-GB,P5,,1,0,0,1,0,0,0,0,,,,,,,1,0,1,0,0,1,0,0,0,0,0,1,1
ec4a27a7efea418e800123e7df6a70b7,11/13/2018 14:04:07,,,25,en-GB,P3,,1,0,0,0,0,1,0,0,,,,,,,0,0,0,0,0,0,0,0,0,0,0,0,0
92041c9c197c44fb90234f4a8434e6f5,11/13/2018 14:17:56,11/13/2018 14:20:03,,127,en-GB,P5,,1,0,1,0,0,0,0,0,,,,,,,1,0,1,0,0,1,0,0,1,0,1,0,1
26b86ac27e9843729c6badb2dd985ee0,11/13/2018 14:18:22,,,87,en-GB,P4,,1,0,1,0,0,0,0,0,,,,,,,0,0,0,0,0,0,0,0,0,0,0,0,0
628780d0fde44b9f9519d191738d6566,11/13/2018 14:27:14,11/13/2018 14:38:41,,687,en-GB,P5,,1,0,0,0,1,0,0,0,,,,,,,1,1,1,0,1,0,0,0,1,0,0,0,0
3270972ce5fa4529bb7e440acdd6509b,11/13/2018 14:55:45,11/13/2018 15:04:37,,533,en-GB,P5,,1,0,0,0,1,0,0,0,,,,,,,1,1,0,0,0,1,0,0,0,1,0,0,1
30dbd556e7224a1f8f631f6b3e95006b,11/13/2018 16:44:38,,,206,en-GB,P5,,1,0,0,1,0,0,0,0,,,,,,,0,0,0,0,0,0,0,0,0,0,0,0,0
876e6f3866f04979ac4cc048fb80505d,11/13/2018 16:49:24,,,96,en-GB,P3,,1,0,1,0,0,0,0,0,,,,,,,0,0,0,0,0,0,0,0,0,0,0,0,0
563efe3f41d940dea03bb71e6e631259,11/13/2018 17:20:12,11/13/2018 17:22:36,,144,en-GB,P5,,1,0,0,1,0,0,0,0,,,,,,,1,1,1,0,1,0,0,0,1,1,1,0,0
da2b850c92d94677b61266afc252f9f8,11/13/2018 17:38:10,11/13/2018 17:41:42,,212,en-GB,P5,,1,0,1,0,0,0,0,0,,,,,,,1,0,0,0,0,0,1,0,0,0,0,1,1
fad7d64572e74f1aad7cb11e28b43667,11/13/2018 17:47:18,11/13/2018 17:53:53,,397,en-GB,P5,,1,0,0,0,0,1,0,0,,,,,,,1,1,1,0,1,0,0,0,0,0,0,0,0
4de43d3e350a4f3f981aa3ce286efc54,11/13/2018 18:46:37,11/13/2018 18:49:16,,157,en-GB,P5,,1,0,0,0,0,1,0,0,,,,,,,1,1,1,0,1,0,0,0,0,1,0,0,1
e91b75111b6545e6a1b3f037e66216d7,11/13/2018 20:17:17,,,50,en-GB,P3,,1,0,0,0,0,0,0,1,,,,,,,0,0,0,0,0,0,0,0,0,0,0,0,0
ea3ec9df94014ce990d4b70ac5a8c2d0,11/13/2018 20:58:48,,,4536,en-GB,P4,,1,0,1,0,0,0,0,0,,,,,,,0,0,0,0,0,0,0,0,0,0,0,0,0
c2a92a1117934c9a82ab4a2682a90df2,11/13/2018 21:19:30,,,72,en-GB,P4,,1,0,0,0,0,1,0,0,,,,,,,0,0,0,0,0,0,0,0,0,0,0,0,0
14ddd8666aab43c491c5b388b25fdc8a,11/13/2018 21:53:52,11/13/2018 21:57:58,,246,en-GB,P5,,1,0,1,0,0,0,0,0,,,,,,,1,1,0,0,0,1,0,0,0,1,0,0,1
97075baf3493450889600dbaee203a65,11/13/2018 23:43:55,11/13/2018 23:53:04,,549,en-GB,P5,,1,0,1,0,0,0,0,0,,,,,,,1,1,1,0,0,1,0,0,1,1,1,1,1
a3b4e9cefa2c4f95a20fc6c616b63569,11/14/2018 01:06:32,,,9,en-GB,P3,,1,0,0,0,1,0,0,0,,,,,,,0,0,0,0,0,0,0,0,0,0,0,0,0
3da5fa589ab648fe86fa72e691f64f00,11/14/2018 02:08:24,,,17,en-GB,P3,,1,0,1,0,0,0,0,0,,,,,,,0,0,0,0,0,0,0,0,0,0,0,0,0
d0be2e3ee3f14ec89fedba3aeb18193e,11/14/2018 08:47:30,11/14/2018 08:52:44,,314,en-GB,P5,,1,0,0,0,0,1,0,0,,,,,,,0,0,1,0,1,0,0,0,1,0,0,0,0
561ec77be114461fb474f7bae7aaf552,11/14/2018 09:36:05,,,118,en-GB,P4,,1,0,0,1,0,0,0,0,,,,,,,0,0,0,0,0,0,0,0,0,0,0,0,0
c997656d194e4a9783c1cf294bf51493,11/14/2018 09:37:58,11/14/2018 09:41:04,,185,en-GB,P5,,1,0,0,0,1,0,0,0,,,,,,,1,1,1,0,1,0,0,0,0,1,0,0,1
767a313e305f411a8847392eea079014,11/14/2018 10:05:13,11/14/2018 10:09:31,,258,en-GB,P5,,1,0,0,0,1,0,0,0,,,,,,,0,0,1,0,0,1,0,0,1,1,0,0,1
f143021f6a1744fab4bf22265ec1e5f5,11/14/2018 10:31:17,,,7,en-GB,P3,,1,0,0,0,1,0,0,0,,,,,,,0,0,0,0,0,0,0,0,0,0,0,0,0
53eb4950975b4e49a22bfef15018ea7f,11/14/2018 10:41:19,,,13,en-GB,P3,,1,0,1,0,0,0,0,0,,,,,,,0,0,0,0,0,0,0,0,0,0,0,0,0
9a509e55d05d479ba0a2322dc04f1a0f,11/14/2018 10:59:07,,,164,en-GB,P5,,1,0,0,0,1,0,0,0,,,,,,,0,0,0,1,0,0,0,0,0,0,0,0,0
151764df15304407a36a2181d1647096,11/14/2018 11:25:11,,,71,en-GB,P4,,1,0,0,0,0,0,0,1,,,,,,,0,0,0,0,0,0,0,0,0,0,0,0,0
c182fff1944a494eafae973ca1afc8ac,11/14/2018 12:37:20,,,23,en-GB,P3,,1,0,1,0,0,0,0,0,,,,,,,0,0,0,0,0,0,0,0,0,0,0,0,0
e07b9a6560f047239994243a5e790627,11/14/2018 13:50:38,11/14/2018 14:34:03,,2605,en-GB,P5,,1,0,0,0,0,1,0,0,,,,,,,1,1,1,0,0,1,0,0,0,1,1,0,0
02a9bfc381e44e1bb21f21f533fc130e,11/14/2018 14:27:23,11/14/2018 14:30:55,,211,en-GB,P5,,1,0,1,0,0,0,0,0,,,,,,,0,0,1,1,0,0,0,0,0,0,0,0,1
37074583a4864c7baaa8c5475482aa24,11/14/2018 15:29:14,11/14/2018 15:33:40,,265,en-GB,P5,,1,0,0,0,0,0,0,1,,,,,,,1,1,0,0,1,0,0,0,1,0,1,1,1
50c108051e3e4c96a5f6733d3db75d79,11/14/2018 15:31:44,11/14/2018 15:46:05,,860,en-GB,P5,,1,0,0,0,0,1,0,0,,,,,,,1,1,1,0,1,0,0,0,0,1,0,0,1
64a8a08eb4be45a2881c54e62e8b1fda,11/14/2018 18:22:54,,,121,en-GB,P3,,1,0,0,0,1,0,0,0,,,,,,,0,0,0,0,0,0,0,0,0,0,0,0,0
5552513e8b1c41b5a45bbad8017674d2,11/14/2018 21:47:22,11/14/2018 21:49:46,,142,en-GB,P5,,1,0,0,0,1,0,0,0,,,,,,,1,1,1,0,1,0,0,0,1,1,0,1,1
995fc36c287849d7bd925e63e74474eb,11/15/2018 00:55:03,,,11,en-GB,P2,,1,0,0,0,0,0,0,0,,,,,,,0,0,0,0,0,0,0,0,0,0,0,0,0
94fe044d8d2d4c0f9902822f7566e107,11/15/2018 08:09:56,,,12,en-GB,P3,,1,0,1,0,0,0,0,0,,,,,,,0,0,0,0,0,0,0,0,0,0,0,0,0
de0507ba6f614de686aa264006c348d5,11/15/2018 11:30:29,11/15/2018 11:34:34,,246,en-GB,P5,,1,0,0,0,1,0,0,0,,,,,,,1,1,0,0,0,1,0,0,0,1,0,0,1
53e81905a15b4541ba1e2a64da25cab2,11/15/2018 11:37:10,11/15/2018 11:42:28,,317,en-GB,P5,,1,0,0,0,1,0,0,0,,,,,,,1,0,0,0,1,0,0,0,0,1,0,0,0
97b473b89d394473b3ccf47a5f45f528,11/15/2018 11:38:54,,,12,en-GB,P3,,1,0,0,0,0,1,0,0,,,,,,,0,0,0,0,0,0,0,0,0,0,0,0,0
aabf782378af4784bff554a81d12459c,11/15/2018 12:03:25,,,251,en-GB,P5,,1,0,0,0,0,0,0,1,,,,,,,0,1,1,0,1,0,0,0,1,1,0,0,1
c3c67789bf254f7c83af61a2aef1f4d9,11/15/2018 13:17:36,,,42,en-GB,P4,,1,0,0,1,0,0,0,0,,,,,,,0,0,0,0,0,0,0,0,0,0,0,0,0
4647dcd707144a1fbc06b128c506d2b8,11/15/2018 15:07:12,11/15/2018 15:08:42,,89,en-GB,P5,,1,0,0,1,0,0,0,0,,,,,,,1,1,1,0,1,0,0,0,1,0,0,0,1
3ac4bf0d7d82422fac34e6a89c1f8af3,11/15/2018 16:30:25,11/15/2018 16:36:57,,391,en-GB,P5,,1,0,0,1,0,0,0,0,,,,,,,1,1,1,0,1,0,0,0,1,0,0,0,1
990a10bd9678429a9a4afa22ffa5f302,11/15/2018 17:27:17,11/15/2018 17:31:41,,264,en-GB,P5,,1,0,1,0,0,0,0,0,,,,,,,1,0,0,0,1,0,0,0,1,0,0,0,0
89040037976645c382152fc7e2a7c333,11/15/2018 22:25:32,,,27,en-GB,P3,,1,0,1,0,0,0,0,0,,,,,,,0,0,0,0,0,0,0,0,0,0,0,0,0
5ad1feac91944cd3adaa2e1ae9b2a2a1,11/16/2018 06:04:23,11/16/2018 06:08:07,,224,en-GB,P5,,1,0,0,0,1,0,0,0,,,,,,,1,1,1,0,0,1,0,0,0,0,0,0,1
dde85fe1b37b46ccb9d17d3c9d8dee1b,11/16/2018 13:02:54,,,303,en-GB,P3,,1,0,0,0,0,0,1,0,,,,,,,0,0,0,0,0,0,0,0,0,0,0,0,0
b4d6bb606b554d93a43142251930dc7c,11/16/2018 13:11:26,11/16/2018 13:17:07,,340,en-GB,P5,,1,0,0,1,0,0,0,0,,,,,,,1,1,1,0,1,0,0,0,0,0,0,0,1
556c0a5f1cd04394a84e3ca33b7359a1,11/16/2018 13:13:43,11/16/2018 13:16:02,,138,en-GB,P5,,1,0,0,0,0,1,0,0,,,,,,,1,0,0,0,0,1,0,0,1,1,0,0,1
5ea64d34ea9c40479f0347b9e6d225cd,11/16/2018 13:39:17,11/16/2018 13:42:46,,208,en-GB,P5,,1,0,1,0,0,0,0,0,,,,,,,0,1,0,0,0,1,0,0,0,0,0,0,1
1aa1ff5759824e279898571ec5c30bd0,11/17/2018 19:31:41,11/17/2018 19:36:55,,313,en-GB,P5,,1,0,0,0,0,1,0,0,,,,,,,1,0,0,0,0,1,0,0,0,0,1,0,0
9bf62f1aac4a487ebe0a8bf8fbf91e26,11/18/2018 17:38:11,11/18/2018 17:43:24,,313,en-GB,P5,,1,0,0,1,0,0,0,0,,,,,,,1,1,1,0,1,0,0,0,0,0,0,1,1
e580a7a423b44b1995ae21416eb0e2c7,11/19/2018 17:13:33,11/19/2018 17:18:56,,323,en-GB,P5,,1,0,0,1,0,0,0,0,,,,,,,1,0,0,0,0,1,0,0,1,1,0,1,1
d17b39d42b5b44a387067cb82c064faf,11/20/2018 08:30:04,11/20/2018 08:37:16,,432,en-GB,P5,,1,0,0,0,1,0,0,0,,,,,,,0,0,1,0,0,0,1,0,1,1,0,0,1
2237c009a6d64ad0b2063f030842e1dd,11/20/2018 09:35:11,11/20/2018 09:39:24,,252,en-GB,P5,,1,0,0,0,1,0,0,0,,,,,,,0,1,0,0,0,1,0,0,1,1,0,1,1
6f53ffa8b16a4648b17803cd40d0ece0,11/20/2018 12:46:14,11/20/2018 12:47:57,,104,en-GB,P5,,1,0,0,0,0,1,0,0,,,,,,,1,1,1,0,0,1,0,0,0,0,0,0,1
5e289a97aa4d45e4a4c97d8b26abf2f7,11/20/2018 16:13:03,11/20/2018 16:17:02,,239,en-GB,P5,,1,0,0,1,0,0,0,0,,,,,,,1,1,1,0,1,0,0,0,0,0,0,0,0
48afb4582106462cb495848894786ef0,11/21/2018 12:44:47,11/21/2018 12:48:09,,201,en-GB,P5,,1,0,0,0,0,1,0,0,,,,,,,0,1,1,0,0,1,0,0,1,0,0,1,1
7e0a6cf0ba5845efb22fa54dbe30624f,11/22/2018 11:23:19,,,10,en-GB,P3,,1,0,0,0,0,1,0,0,,,,,,,0,0,0,0,0,0,0,0,0,0,0,0,0
5926e81f13804851915cfb4c5f040605,11/22/2018 16:02:49,11/22/2018 16:05:42,,173,en-GB,P5,,1,0,0,0,0,1,0,0,,,,,,,1,1,0,0,1,0,0,0,1,0,0,0,1
c0c3a2ca16fa4950aca58fd187767812,11/25/2018 15:10:53,11/25/2018 15:15:12,,260,en-GB,P5,,1,0,0,0,1,0,0,0,,,,,,,0,1,0,0,0,1,0,0,0,0,0,0,1
6ab44f557dad400d98a748109a07d971,11/26/2018 18:29:40,,,9,en-GB,P3,,1,0,0,0,0,1,0,0,,,,,,,0,0,0,0,0,0,0,0,0,0,0,0,0
b294de0840a8494491e343ec630c2b24,11/28/2018 18:26:36,11/28/2018 18:28:59,,143,en-GB,P5,,1,0,0,0,1,0,0,0,,,,,,,1,1,1,0,1,0,0,0,0,1,1,0,1
b0753d42ba184825a41dada7ac3d2ce2,11/29/2018 19:33:32,11/29/2018 19:36:04,,153,en-GB,P5,,0,1,1,0,0,0,0,0,,,,,,,1,1,1,0,0,1,0,0,0,0,0,0,1
813d02c752ac4581ac18b67200982e41,12/10/2018 17:35,12/10/2018 17:39,,236,en-GB,P5,,1,0,0,1,0,0,0,0,,,,,,,0,1,1,0,0,1,0,0,1,0,0,0,0
26acc6ac54a64e6880e02cf6c6cd00ee,12/14/2018 09:12:52,12/14/2018 10:00:09,,2839,en-GB,P5,,1,0,0,1,0,0,0,0,,,,,,,1,0,1,1,0,0,0,0,1,0,1,0,0
d03fe0b35fe140e2b2faa84c6014bdb0,12/18/2018 09:07:36,,,37,en-GB,P3,,0,1,1,0,0,0,0,0,,,,,,,0,0,0,0,0,0,0,0,0,0,0,0,0
b43457114b2c4e8e849b87c58313c18f,01/08/2019 09:48,,,34,en-GB,P3,,1,0,0,1,0,0,0,0,,,,,,,0,0,0,0,0,0,0,0,0,0,0,0,0
